{"cameraMode":{"drawMode":0,"name":"Shaded","section":"Shading Mode"},"sceneLighting":false,"audioPlay":false,"sceneViewState":{"m_AlwaysRefresh":false,"showFog":true,"showSkybox":false,"showFlares":true,"showImageEffects":true,"showParticleSystems":true,"showVisualEffectGraphs":true,"m_FxEnabled":true},"in2DMode":false,"pivot":{"x":0.5147164463996887,"y":0.05467037856578827,"z":0.3791365921497345},"rotation":{"x":0.033907368779182437,"y":0.8022812604904175,"z":0.04577961936593056,"w":-0.594221830368042},"size":0.5455960631370544,"orthographic":false}