{"cameraMode":{"drawMode":0,"name":"Shaded","section":"Shading Mode"},"sceneLighting":false,"audioPlay":false,"sceneViewState":{"m_AlwaysRefresh":false,"showFog":true,"showSkybox":false,"showFlares":true,"showImageEffects":true,"showParticleSystems":true,"showVisualEffectGraphs":true,"m_FxEnabled":true},"in2DMode":false,"pivot":{"x":-0.3622288703918457,"y":1.5069708824157715,"z":-0.15953290462493897},"rotation":{"x":-0.009383517317473889,"y":-0.8722488284111023,"z":-0.01668635383248329,"w":0.48873966932296755},"size":1.563364028930664,"orthographic":false}