{"cameraMode":{"drawMode":0,"name":"Shaded","section":"Shading Mode"},"sceneLighting":false,"audioPlay":false,"sceneViewState":{"m_AlwaysRefresh":false,"showFog":true,"showSkybox":false,"showFlares":true,"showImageEffects":true,"showParticleSystems":true,"showVisualEffectGraphs":true,"m_FxEnabled":true},"in2DMode":false,"pivot":{"x":1.4515116214752198,"y":1.5739281177520753,"z":1.2128490209579468},"rotation":{"x":0.024793855845928193,"y":0.9507331848144531,"z":-0.2987900674343109,"w":0.07889716327190399},"size":0.5975088477134705,"orthographic":false}