{"cameraMode":{"drawMode":0,"name":"Shaded","section":"Shading Mode"},"sceneLighting":false,"audioPlay":false,"sceneViewState":{"m_AlwaysRefresh":false,"showFog":true,"showSkybox":false,"showFlares":true,"showImageEffects":true,"showParticleSystems":true,"showVisualEffectGraphs":true,"m_FxEnabled":true},"in2DMode":false,"pivot":{"x":0.01063498854637146,"y":0.204444020986557,"z":0.03332394361495972},"rotation":{"x":-0.04850370064377785,"y":-0.9375685453414917,"z":0.31206434965133669,"w":-0.14574092626571656},"size":0.6851829886436462,"orthographic":false}