{"cameraMode":{"drawMode":0,"name":"Shaded","section":"Shading Mode"},"sceneLighting":false,"audioPlay":false,"sceneViewState":{"m_AlwaysRefresh":false,"showFog":true,"showSkybox":false,"showFlares":true,"showImageEffects":true,"showParticleSystems":true,"showVisualEffectGraphs":true,"m_FxEnabled":true},"in2DMode":false,"pivot":{"x":-0.1899086833000183,"y":0.39875733852386477,"z":0.031697988510131839},"rotation":{"x":-0.06564842164516449,"y":0.0956445187330246,"z":0.0063257114961743359,"w":0.9932329058647156},"size":1.1104788780212403,"orthographic":false}