{"cameraMode":{"drawMode":0,"name":"Shaded","section":"Shading Mode"},"sceneLighting":false,"audioPlay":false,"sceneViewState":{"m_AlwaysRefresh":false,"showFog":true,"showSkybox":false,"showFlares":true,"showImageEffects":true,"showParticleSystems":true,"showVisualEffectGraphs":true,"m_FxEnabled":true},"in2DMode":false,"pivot":{"x":-0.2606968879699707,"y":1.280507206916809,"z":0.5457167625427246},"rotation":{"x":-0.028070669621229173,"y":-0.9348161220550537,"z":-0.07588615268468857,"w":0.34579288959503176},"size":1.689706802368164,"orthographic":false}