{"cameraMode":{"drawMode":0,"name":"Shaded","section":"Shading Mode"},"sceneLighting":false,"audioPlay":false,"sceneViewState":{"m_AlwaysRefresh":false,"showFog":true,"showSkybox":false,"showFlares":true,"showImageEffects":true,"showParticleSystems":true,"showVisualEffectGraphs":true,"m_FxEnabled":true},"in2DMode":false,"pivot":{"x":0.21572279930114747,"y":0.020427465438842775,"z":0.056699514389038089},"rotation":{"x":-0.2377033829689026,"y":-0.001457634032703936,"z":-0.0003525508800521493,"w":0.9713401794433594},"size":1.5581727027893067,"orthographic":false}