{"cameraMode":{"drawMode":0,"name":"Shaded","section":"Shading Mode"},"sceneLighting":false,"audioPlay":false,"sceneViewState":{"m_AlwaysRefresh":false,"showFog":true,"showSkybox":false,"showFlares":true,"showImageEffects":true,"showParticleSystems":true,"showVisualEffectGraphs":true,"m_FxEnabled":true},"in2DMode":false,"pivot":{"x":-0.0001838207244873047,"y":1.2313251495361329,"z":0.034222185611724856},"rotation":{"x":0.029993314296007158,"y":0.9605035185813904,"z":-0.25191810727119448,"w":0.11435453593730927},"size":2.539409637451172,"orthographic":false}