{"cameraMode":{"drawMode":0,"name":"Shaded","section":"Shading Mode"},"sceneLighting":false,"audioPlay":false,"sceneViewState":{"m_AlwaysRefresh":false,"showFog":true,"showSkybox":false,"showFlares":true,"showImageEffects":true,"showParticleSystems":true,"showVisualEffectGraphs":true,"m_FxEnabled":true},"in2DMode":false,"pivot":{"x":-0.13907669484615327,"y":1.493584156036377,"z":0.8737145662307739},"rotation":{"x":-0.020068952813744546,"y":-0.9755446314811707,"z":0.19456073641777039,"w":-0.10060776770114899},"size":1.5279189348220826,"orthographic":false}