{"cameraMode":{"drawMode":0,"name":"Shaded","section":"Shading Mode"},"sceneLighting":false,"audioPlay":false,"sceneViewState":{"m_AlwaysRefresh":false,"showFog":true,"showSkybox":false,"showFlares":true,"showImageEffects":true,"showParticleSystems":true,"showVisualEffectGraphs":true,"m_FxEnabled":true},"in2DMode":false,"pivot":{"x":-0.004308491945266724,"y":0.11978907883167267,"z":0.0042636096477508549},"rotation":{"x":-0.019185414537787439,"y":-0.020999154075980188,"z":-0.0004034654702991247,"w":0.999596118927002},"size":0.33208414912223818,"orthographic":false}