{"cameraMode":{"drawMode":0,"name":"Shaded","section":"Shading Mode"},"sceneLighting":false,"audioPlay":false,"sceneViewState":{"m_AlwaysRefresh":false,"showFog":true,"showSkybox":false,"showFlares":true,"showImageEffects":true,"showParticleSystems":true,"showVisualEffectGraphs":true,"m_FxEnabled":true},"in2DMode":false,"pivot":{"x":-0.012101173400878907,"y":2.438053607940674,"z":0.008085489273071289},"rotation":{"x":0.07311277836561203,"y":-0.5148196220397949,"z":0.04412461444735527,"w":0.8530354499816895},"size":3.257490873336792,"orthographic":false}