{"cameraMode":{"drawMode":0,"name":"Shaded","section":"Shading Mode"},"sceneLighting":false,"audioPlay":false,"sceneViewState":{"m_AlwaysRefresh":false,"showFog":true,"showSkybox":false,"showFlares":true,"showImageEffects":true,"showParticleSystems":true,"showVisualEffectGraphs":true,"m_FxEnabled":true},"in2DMode":false,"pivot":{"x":0.6184974908828735,"y":-1.2930142879486085,"z":1.313990592956543},"rotation":{"x":-0.36399587988853457,"y":-0.17638958990573884,"z":0.07041821628808975,"w":-0.9118350148200989},"size":1.5659581422805787,"orthographic":false}