{"cameraMode":{"drawMode":0,"name":"Shaded","section":"Shading Mode"},"sceneLighting":false,"audioPlay":false,"sceneViewState":{"m_AlwaysRefresh":false,"showFog":true,"showSkybox":false,"showFlares":true,"showImageEffects":true,"showParticleSystems":true,"showVisualEffectGraphs":true,"m_FxEnabled":true},"in2DMode":false,"pivot":{"x":0.04455006122589111,"y":0.9999998807907105,"z":0.04455006122589111},"rotation":{"x":-0.015184024348855019,"y":0.8423765897750855,"z":-0.5381554961204529,"w":-0.023764122277498246},"size":5.585578441619873,"orthographic":false}