{"cameraMode":{"drawMode":0,"name":"Shaded","section":"Shading Mode"},"sceneLighting":false,"audioPlay":false,"sceneViewState":{"m_AlwaysRefresh":false,"showFog":true,"showSkybox":false,"showFlares":true,"showImageEffects":true,"showParticleSystems":true,"showVisualEffectGraphs":true,"m_FxEnabled":true},"in2DMode":false,"pivot":{"x":3.8074278831481935,"y":2.7578482627868654,"z":0.15785861015319825},"rotation":{"x":0.07950842380523682,"y":-0.5144741535186768,"z":0.04798448830842972,"w":0.8524630665779114},"size":3.7859134674072267,"orthographic":false}