{"cameraMode":{"drawMode":0,"name":"Shaded","section":"Shading Mode"},"sceneLighting":false,"audioPlay":false,"sceneViewState":{"m_AlwaysRefresh":false,"showFog":true,"showSkybox":false,"showFlares":true,"showImageEffects":true,"showParticleSystems":true,"showVisualEffectGraphs":true,"m_FxEnabled":true},"in2DMode":false,"pivot":{"x":0.06937968730926514,"y":1.3173222541809083,"z":0.2765144407749176},"rotation":{"x":-0.0007714055827818811,"y":0.9960111379623413,"z":-0.08868805319070816,"w":-0.008664284832775593},"size":1.9784873723983765,"orthographic":false}