{"cameraMode":{"drawMode":0,"name":"Shaded","section":"Shading Mode"},"sceneLighting":false,"audioPlay":false,"sceneViewState":{"m_AlwaysRefresh":false,"showFog":true,"showSkybox":false,"showFlares":true,"showImageEffects":true,"showParticleSystems":true,"showVisualEffectGraphs":true,"m_FxEnabled":true},"in2DMode":false,"pivot":{"x":64.74944305419922,"y":22.83167266845703,"z":58.73172378540039},"rotation":{"x":0.027586426585912706,"y":0.3924652934074402,"z":-0.011777604930102826,"w":0.9192817211151123},"size":0.38210976123809817,"orthographic":false}