{"cameraMode":{"drawMode":0,"name":"Shaded","section":"Shading Mode"},"sceneLighting":false,"audioPlay":false,"sceneViewState":{"m_AlwaysRefresh":false,"showFog":true,"showSkybox":false,"showFlares":true,"showImageEffects":true,"showParticleSystems":true,"showVisualEffectGraphs":true,"m_FxEnabled":true},"in2DMode":false,"pivot":{"x":2.731454372406006,"y":1.3789180517196656,"z":1.5338259935379029},"rotation":{"x":-0.09338199347257614,"y":0.8897643685340881,"z":-0.21096979081630708,"w":-0.3938242197036743},"size":1.4021587371826172,"orthographic":false}