{"cameraMode":{"drawMode":0,"name":"Shaded","section":"Shading Mode"},"sceneLighting":false,"audioPlay":false,"sceneViewState":{"m_AlwaysRefresh":false,"showFog":true,"showSkybox":false,"showFlares":true,"showImageEffects":true,"showParticleSystems":true,"showVisualEffectGraphs":true,"m_FxEnabled":true},"in2DMode":false,"pivot":{"x":0.0031663859263062479,"y":0.45228201150894167,"z":-0.013227283954620362},"rotation":{"x":-0.1805052012205124,"y":0.0029503938276320698,"z":0.0005455604405142367,"w":0.9835735559463501},"size":0.503071129322052,"orthographic":false}