{"cameraMode":{"drawMode":0,"name":"Shaded","section":"Shading Mode"},"sceneLighting":false,"audioPlay":false,"sceneViewState":{"m_AlwaysRefresh":false,"showFog":true,"showSkybox":false,"showFlares":true,"showImageEffects":true,"showParticleSystems":true,"showVisualEffectGraphs":true,"m_FxEnabled":true},"in2DMode":false,"pivot":{"x":0.5364522337913513,"y":-0.19676966965198518,"z":-0.7656416893005371},"rotation":{"x":-0.018832474946975709,"y":-0.9059651494026184,"z":0.42099010944366457,"w":-0.04052723944187164},"size":1.7071541547775269,"orthographic":false}