{"cameraMode":{"drawMode":0,"name":"Shaded","section":"Shading Mode"},"sceneLighting":false,"audioPlay":false,"sceneViewState":{"m_AlwaysRefresh":false,"showFog":true,"showSkybox":false,"showFlares":true,"showImageEffects":true,"showParticleSystems":true,"showVisualEffectGraphs":true,"m_FxEnabled":true},"in2DMode":false,"pivot":{"x":-0.16428983211517335,"y":-0.0006568377139046788,"z":-0.11066200584173203},"rotation":{"x":0.020487381145358087,"y":0.4131271243095398,"z":-0.009296946227550507,"w":0.9103958010673523},"size":0.7193747162818909,"orthographic":false}