{"cameraMode":{"drawMode":0,"name":"Shaded","section":"Shading Mode"},"sceneLighting":false,"audioPlay":false,"sceneViewState":{"m_AlwaysRefresh":false,"showFog":true,"showSkybox":false,"showFlares":true,"showImageEffects":true,"showParticleSystems":true,"showVisualEffectGraphs":true,"m_FxEnabled":true},"in2DMode":false,"pivot":{"x":0.49763011932373049,"y":0.020000219345092775,"z":3.3119664192199709},"rotation":{"x":-0.012529757805168629,"y":-0.9850022196769714,"z":0.15189239382743836,"w":-0.08114977180957794},"size":3.333850383758545,"orthographic":false}