{"cameraMode":{"drawMode":0,"name":"Shaded","section":"Shading Mode"},"sceneLighting":false,"audioPlay":false,"sceneViewState":{"m_AlwaysRefresh":false,"showFog":true,"showSkybox":false,"showFlares":true,"showImageEffects":true,"showParticleSystems":true,"showVisualEffectGraphs":true,"m_FxEnabled":true},"in2DMode":false,"pivot":{"x":-0.3266448974609375,"y":1.3869520425796509,"z":0.23784250020980836},"rotation":{"x":-0.0034540528431534769,"y":0.9959025382995606,"z":-0.04334871843457222,"w":-0.07934147864580155},"size":0.8839113712310791,"orthographic":false}