{"cameraMode":{"drawMode":0,"name":"Shaded","section":"Shading Mode"},"sceneLighting":false,"audioPlay":false,"sceneViewState":{"m_AlwaysRefresh":false,"showFog":true,"showSkybox":false,"showFlares":true,"showImageEffects":true,"showParticleSystems":true,"showVisualEffectGraphs":true,"m_FxEnabled":true},"in2DMode":false,"pivot":{"x":3.820000171661377,"y":1.3613039255142213,"z":0.15785884857177735},"rotation":{"x":0.12178895622491837,"y":-0.19372674822807313,"z":0.024244364351034166,"w":0.9731644988059998},"size":2.597639560699463,"orthographic":false}