{"cameraMode":{"drawMode":0,"name":"Shaded","section":"Shading Mode"},"sceneLighting":false,"audioPlay":false,"sceneViewState":{"m_AlwaysRefresh":false,"showFog":true,"showSkybox":false,"showFlares":true,"showImageEffects":true,"showParticleSystems":true,"showVisualEffectGraphs":true,"m_FxEnabled":true},"in2DMode":false,"pivot":{"x":2.384185791015625e-7,"y":1.7672953605651856,"z":0.04525899887084961},"rotation":{"x":-0.0011506921146064997,"y":-0.9969410300254822,"z":-0.014955338090658188,"w":0.07671237736940384},"size":3.59012508392334,"orthographic":false}