{"cameraMode":{"drawMode":0,"name":"Shaded","section":"Shading Mode"},"sceneLighting":false,"audioPlay":false,"sceneViewState":{"m_AlwaysRefresh":false,"showFog":true,"showSkybox":false,"showFlares":true,"showImageEffects":true,"showParticleSystems":true,"showVisualEffectGraphs":true,"m_FxEnabled":true},"in2DMode":false,"pivot":{"x":-0.1677497923374176,"y":0.19483324885368348,"z":-0.5231015086174011},"rotation":{"x":0.00797428097575903,"y":0.9918548464775086,"z":0.07866130769252777,"w":-0.10015539824962616},"size":0.40580254793167117,"orthographic":false}