{"cameraMode":{"drawMode":0,"name":"Shaded","section":"Shading Mode"},"sceneLighting":false,"audioPlay":false,"sceneViewState":{"m_AlwaysRefresh":false,"showFog":true,"showSkybox":false,"showFlares":true,"showImageEffects":true,"showParticleSystems":true,"showVisualEffectGraphs":true,"m_FxEnabled":true},"in2DMode":false,"pivot":{"x":-1.0843119621276856,"y":4.843121528625488,"z":0.025018692016601564},"rotation":{"x":-0.2377033829689026,"y":-0.001457634032703936,"z":-0.0003525508800521493,"w":0.9713401794433594},"size":8.90013599395752,"orthographic":false}