{"cameraMode":{"drawMode":0,"name":"Shaded","section":"Shading Mode"},"sceneLighting":false,"audioPlay":false,"sceneViewState":{"m_AlwaysRefresh":false,"showFog":true,"showSkybox":false,"showFlares":true,"showImageEffects":true,"showParticleSystems":true,"showVisualEffectGraphs":true,"m_FxEnabled":true},"in2DMode":false,"pivot":{"x":0.4863993525505066,"y":1.1618802547454835,"z":3.3119664192199709},"rotation":{"x":0.015681836754083635,"y":0.9837270975112915,"z":-0.1426437646150589,"w":0.10815075039863587},"size":2.2406959533691408,"orthographic":false}