{"cameraMode":{"drawMode":0,"name":"Shaded","section":"Shading Mode"},"sceneLighting":false,"audioPlay":false,"sceneViewState":{"m_AlwaysRefresh":false,"showFog":true,"showSkybox":false,"showFlares":true,"showImageEffects":true,"showParticleSystems":true,"showVisualEffectGraphs":true,"m_FxEnabled":true},"in2DMode":false,"pivot":{"x":2.0873024463653566,"y":1.508466362953186,"z":0.7089745998382568},"rotation":{"x":0.012826630845665932,"y":0.9825738072395325,"z":-0.07413769513368607,"w":0.16998207569122315},"size":0.8092692494392395,"orthographic":false}