{"cameraMode":{"drawMode":0,"name":"Shaded","section":"Shading Mode"},"sceneLighting":false,"audioPlay":false,"sceneViewState":{"m_AlwaysRefresh":false,"showFog":true,"showSkybox":false,"showFlares":true,"showImageEffects":true,"showParticleSystems":true,"showVisualEffectGraphs":true,"m_FxEnabled":true},"in2DMode":false,"pivot":{"x":-0.8302821516990662,"y":0.06857642531394959,"z":0.019152462482452394},"rotation":{"x":-0.2376941442489624,"y":-0.008742527104914189,"z":-0.0021352916955947878,"w":0.9713020324707031},"size":0.8946707844734192,"orthographic":false}