{"cameraMode":{"drawMode":0,"name":"Shaded","section":"Shading Mode"},"sceneLighting":false,"audioPlay":false,"sceneViewState":{"m_AlwaysRefresh":false,"showFog":true,"showSkybox":false,"showFlares":true,"showImageEffects":true,"showParticleSystems":true,"showVisualEffectGraphs":true,"m_FxEnabled":true},"in2DMode":false,"pivot":{"x":-3.184042453765869,"y":2.1806576251983644,"z":7.963178634643555},"rotation":{"x":0.005725621245801449,"y":0.9855387806892395,"z":-0.03401462361216545,"w":0.16592460870742799},"size":0.004747845698148012,"orthographic":false}