{"cameraMode":{"drawMode":0,"name":"Shaded","section":"Shading Mode"},"sceneLighting":false,"audioPlay":false,"sceneViewState":{"m_AlwaysRefresh":false,"showFog":true,"showSkybox":false,"showFlares":true,"showImageEffects":true,"showParticleSystems":true,"showVisualEffectGraphs":true,"m_FxEnabled":true},"in2DMode":false,"pivot":{"x":-0.5433697700500488,"y":1.1456544399261475,"z":1.0473754405975342},"rotation":{"x":-0.022776177152991296,"y":-0.9151149392127991,"z":-0.05221814289689064,"w":0.39914846420288088},"size":1.8237924575805665,"orthographic":false}