{"cameraMode":{"drawMode":0,"name":"Shaded","section":"Shading Mode"},"sceneLighting":false,"audioPlay":false,"sceneViewState":{"m_AlwaysRefresh":false,"showFog":true,"showSkybox":false,"showFlares":true,"showImageEffects":true,"showParticleSystems":true,"showVisualEffectGraphs":true,"m_FxEnabled":true},"in2DMode":false,"pivot":{"x":54.93965148925781,"y":24.395008087158204,"z":35.53559875488281},"rotation":{"x":0.0002630878007039428,"y":0.999664843082428,"z":-0.009352133609354496,"w":0.025357326492667199},"size":1.563364028930664,"orthographic":false}