{"cameraMode":{"drawMode":0,"name":"Shaded","section":"Shading Mode"},"sceneLighting":false,"audioPlay":false,"sceneViewState":{"m_AlwaysRefresh":false,"showFog":true,"showSkybox":false,"showFlares":true,"showImageEffects":true,"showParticleSystems":true,"showVisualEffectGraphs":true,"m_FxEnabled":true},"in2DMode":false,"pivot":{"x":2.404045820236206,"y":2.727928876876831,"z":1.6879743337631226},"rotation":{"x":0.028598077595233918,"y":0.8991371393203735,"z":-0.4326710104942322,"w":0.05942922458052635},"size":2.5925300121307375,"orthographic":false}