{"cameraMode":{"drawMode":0,"name":"Shaded","section":"Shading Mode"},"sceneLighting":false,"audioPlay":false,"sceneViewState":{"m_AlwaysRefresh":false,"showFog":true,"showSkybox":false,"showFlares":true,"showImageEffects":true,"showParticleSystems":true,"showVisualEffectGraphs":true,"m_FxEnabled":true},"in2DMode":false,"pivot":{"x":2.3096799850463868e-7,"y":0.49811097979545596,"z":-0.015619486570358277},"rotation":{"x":-0.04850370064377785,"y":-0.9375685453414917,"z":0.31206434965133669,"w":-0.14574092626571656},"size":0.7570171356201172,"orthographic":false}