{"cameraMode":{"drawMode":0,"name":"Shaded","section":"Shading Mode"},"sceneLighting":false,"audioPlay":false,"sceneViewState":{"m_AlwaysRefresh":false,"showFog":true,"showSkybox":false,"showFlares":true,"showImageEffects":true,"showParticleSystems":true,"showVisualEffectGraphs":true,"m_FxEnabled":true},"in2DMode":false,"pivot":{"x":0.10122960805892945,"y":-0.012060418725013733,"z":0.41998517513275149},"rotation":{"x":0.020487381145358087,"y":0.4131271243095398,"z":-0.009296946227550507,"w":0.9103958010673523},"size":0.2581053674221039,"orthographic":false}