{"cameraMode":{"drawMode":0,"name":"Shaded","section":"Shading Mode"},"sceneLighting":false,"audioPlay":false,"sceneViewState":{"m_AlwaysRefresh":false,"showFog":true,"showSkybox":false,"showFlares":true,"showImageEffects":true,"showParticleSystems":true,"showVisualEffectGraphs":true,"m_FxEnabled":true},"in2DMode":false,"pivot":{"x":-0.23474600911140443,"y":1.3189722299575806,"z":0.5310267210006714},"rotation":{"x":-0.008657651953399182,"y":-0.9570099115371704,"z":-0.02871890738606453,"w":0.2885006070137024},"size":1.9039875268936158,"orthographic":false}