{"cameraMode":{"drawMode":0,"name":"Shaded","section":"Shading Mode"},"sceneLighting":false,"audioPlay":false,"sceneViewState":{"m_AlwaysRefresh":false,"showFog":true,"showSkybox":false,"showFlares":true,"showImageEffects":true,"showParticleSystems":true,"showVisualEffectGraphs":true,"m_FxEnabled":true},"in2DMode":false,"pivot":{"x":-0.0458000972867012,"y":0.0967002809047699,"z":-0.0038783252239227297},"rotation":{"x":-0.005350073333829641,"y":0.945918619632721,"z":-0.3240003287792206,"w":-0.015598365105688572},"size":0.37957608699798586,"orthographic":false}