{"cameraMode":{"drawMode":0,"name":"Shaded","section":"Shading Mode"},"sceneLighting":false,"audioPlay":false,"sceneViewState":{"m_AlwaysRefresh":false,"showFog":true,"showSkybox":false,"showFlares":true,"showImageEffects":true,"showParticleSystems":true,"showVisualEffectGraphs":true,"m_FxEnabled":true},"in2DMode":false,"pivot":{"x":-0.11074242740869522,"y":0.08076682686805725,"z":0.817395806312561},"rotation":{"x":-0.13161402940750123,"y":-0.00743485102429986,"z":-0.0009830715134739876,"w":0.9912770986557007},"size":0.9551210999488831,"orthographic":false}