{"cameraMode":{"drawMode":0,"name":"Shaded","section":"Shading Mode"},"sceneLighting":false,"audioPlay":false,"sceneViewState":{"m_AlwaysRefresh":false,"showFog":true,"showSkybox":false,"showFlares":true,"showImageEffects":true,"showParticleSystems":true,"showVisualEffectGraphs":true,"m_FxEnabled":true},"in2DMode":false,"pivot":{"x":-0.42682215571403506,"y":0.4254433512687683,"z":-0.42907625436782839},"rotation":{"x":0.20810945332050324,"y":0.5979931950569153,"z":-0.16452880203723908,"w":0.7563465237617493},"size":1.098518967628479,"orthographic":false}