{"cameraMode":{"drawMode":0,"name":"Shaded","section":"Shading Mode"},"sceneLighting":false,"audioPlay":false,"sceneViewState":{"m_AlwaysRefresh":false,"showFog":true,"showSkybox":false,"showFlares":true,"showImageEffects":true,"showParticleSystems":true,"showVisualEffectGraphs":true,"m_FxEnabled":true},"in2DMode":false,"pivot":{"x":-0.45774030685424807,"y":0.3260212242603302,"z":0.40928593277931216},"rotation":{"x":0.017048049718141557,"y":0.9678528308868408,"z":-0.0683477371931076,"w":0.2414807677268982},"size":0.525305449962616,"orthographic":false}