{"cameraMode":{"drawMode":0,"name":"Shaded","section":"Shading Mode"},"sceneLighting":false,"audioPlay":false,"sceneViewState":{"m_AlwaysRefresh":false,"showFog":true,"showSkybox":false,"showFlares":true,"showImageEffects":true,"showParticleSystems":true,"showVisualEffectGraphs":true,"m_FxEnabled":true},"in2DMode":false,"pivot":{"x":-0.06603765487670899,"y":4.216346740722656,"z":-12.693107604980469},"rotation":{"x":0.061496373265981677,"y":0.2139008343219757,"z":-0.013490022160112858,"w":0.9748296737670898},"size":5.261543273925781,"orthographic":false}