{"cameraMode":{"drawMode":0,"name":"Shaded","section":"Shading Mode"},"sceneLighting":true,"audioPlay":false,"sceneViewState":{"m_AlwaysRefresh":false,"showFog":true,"showSkybox":false,"showFlares":true,"showImageEffects":true,"showParticleSystems":true,"showVisualEffectGraphs":true,"m_FxEnabled":true},"in2DMode":false,"pivot":{"x":1.1261134147644044,"y":0.8951010704040527,"z":-1.1476335525512696},"rotation":{"x":-0.006199690978974104,"y":0.9803216457366943,"z":-0.031193478032946588,"w":-0.194844588637352},"size":0.8660253882408142,"orthographic":false}