{"cameraMode":{"drawMode":0,"name":"Shaded","section":"Shading Mode"},"sceneLighting":false,"audioPlay":false,"sceneViewState":{"m_AlwaysRefresh":false,"showFog":true,"showSkybox":false,"showFlares":true,"showImageEffects":true,"showParticleSystems":true,"showVisualEffectGraphs":true,"m_FxEnabled":true},"in2DMode":false,"pivot":{"x":0.009551286697387696,"y":-0.20298194885253907,"z":0.002099156379699707},"rotation":{"x":0.002991597866639495,"y":0.9885886907577515,"z":-0.14941000938415528,"w":0.019896117970347406},"size":0.9186797142028809,"orthographic":false}