{"cameraMode":{"drawMode":0,"name":"Shaded","section":"Shading Mode"},"sceneLighting":false,"audioPlay":false,"sceneViewState":{"m_AlwaysRefresh":false,"showFog":true,"showSkybox":false,"showFlares":true,"showImageEffects":true,"showParticleSystems":true,"showVisualEffectGraphs":true,"m_FxEnabled":true},"in2DMode":false,"pivot":{"x":0.17018520832061768,"y":1.528743028640747,"z":-0.04113507270812988},"rotation":{"x":0.055337388068437579,"y":0.2373184710741043,"z":-0.013538232073187828,"w":0.9697652459144592},"size":2.1305010318756105,"orthographic":false}