{"cameraMode":{"drawMode":0,"name":"Shaded","section":"Shading Mode"},"sceneLighting":false,"audioPlay":false,"sceneViewState":{"m_AlwaysRefresh":false,"showFog":true,"showSkybox":false,"showFlares":true,"showImageEffects":true,"showParticleSystems":true,"showVisualEffectGraphs":true,"m_FxEnabled":true},"in2DMode":false,"pivot":{"x":0.007823914289474488,"y":1.2440619468688965,"z":0.008021563291549683},"rotation":{"x":-0.004531125538051128,"y":0.991401195526123,"z":-0.12594091892242433,"w":-0.035848379135131839},"size":1.2834041118621827,"orthographic":false}