{"cameraMode":{"drawMode":0,"name":"Shaded","section":"Shading Mode"},"sceneLighting":false,"audioPlay":false,"sceneViewState":{"m_AlwaysRefresh":false,"showFog":true,"showSkybox":false,"showFlares":true,"showImageEffects":true,"showParticleSystems":true,"showVisualEffectGraphs":true,"m_FxEnabled":true},"in2DMode":false,"pivot":{"x":15.435714721679688,"y":14.730873107910157,"z":-0.42884716391563418},"rotation":{"x":0.20699359476566316,"y":-0.6419594883918762,"z":0.18598906695842744,"w":0.7144586443901062},"size":2.9644715785980226,"orthographic":false}