{"cameraMode":{"drawMode":0,"name":"Shaded","section":"Shading Mode"},"sceneLighting":false,"audioPlay":false,"sceneViewState":{"m_AlwaysRefresh":false,"showFog":true,"showSkybox":false,"showFlares":true,"showImageEffects":true,"showParticleSystems":true,"showVisualEffectGraphs":true,"m_FxEnabled":true},"in2DMode":false,"pivot":{"x":-1.2637550830841065,"y":4.439384937286377,"z":0.2841644287109375},"rotation":{"x":0.01485738717019558,"y":0.13754810392856599,"z":-0.0020595844835042955,"w":0.9903863668441773},"size":4.28182315826416,"orthographic":false}