{"cameraMode":{"drawMode":0,"name":"Shaded","section":"Shading Mode"},"sceneLighting":false,"audioPlay":false,"sceneViewState":{"m_AlwaysRefresh":false,"showFog":true,"showSkybox":false,"showFlares":true,"showImageEffects":true,"showParticleSystems":true,"showVisualEffectGraphs":true,"m_FxEnabled":true},"in2DMode":false,"pivot":{"x":3.820000171661377,"y":1.2175928354263306,"z":0.15785884857177735},"rotation":{"x":0.015681836754083635,"y":0.9837270975112915,"z":-0.1426437646150589,"w":0.10815075039863587},"size":2.3193209171295168,"orthographic":false}