{"cameraMode":{"drawMode":0,"name":"Shaded","section":"Shading Mode"},"sceneLighting":false,"audioPlay":false,"sceneViewState":{"m_AlwaysRefresh":false,"showFog":true,"showSkybox":false,"showFlares":true,"showImageEffects":true,"showParticleSystems":true,"showVisualEffectGraphs":true,"m_FxEnabled":true},"in2DMode":false,"pivot":{"x":3.7328271865844728,"y":3.053074598312378,"z":1.1761794090270997},"rotation":{"x":-0.014686274342238903,"y":0.657677948474884,"z":0.012826349586248398,"w":0.7530467510223389},"size":3.7859134674072267,"orthographic":false}