{"cameraMode":{"drawMode":0,"name":"Shaded","section":"Shading Mode"},"sceneLighting":false,"audioPlay":false,"sceneViewState":{"m_AlwaysRefresh":false,"showFog":true,"showSkybox":false,"showFlares":true,"showImageEffects":true,"showParticleSystems":true,"showVisualEffectGraphs":true,"m_FxEnabled":true},"in2DMode":false,"pivot":{"x":2.485170841217041,"y":1.2199997901916505,"z":1.127058982849121},"rotation":{"x":0.12178895622491837,"y":-0.19372674822807313,"z":0.024244364351034166,"w":0.9731644988059998},"size":1.8171693086624146,"orthographic":false}