{"cameraMode":{"drawMode":0,"name":"Shaded","section":"Shading Mode"},"sceneLighting":false,"audioPlay":false,"sceneViewState":{"m_AlwaysRefresh":false,"showFog":true,"showSkybox":false,"showFlares":true,"showImageEffects":true,"showParticleSystems":true,"showVisualEffectGraphs":true,"m_FxEnabled":true},"in2DMode":false,"pivot":{"x":-1.569356918334961,"y":0.33799031376838686,"z":0.7376822233200073},"rotation":{"x":0.041702404618263248,"y":-0.6583688259124756,"z":0.03657884523272514,"w":0.7506474852561951},"size":4.15003776550293,"orthographic":false}