{"cameraMode":{"drawMode":0,"name":"Shaded","section":"Shading Mode"},"sceneLighting":false,"audioPlay":false,"sceneViewState":{"m_AlwaysRefresh":false,"showFog":true,"showSkybox":false,"showFlares":true,"showImageEffects":true,"showParticleSystems":true,"showVisualEffectGraphs":true,"m_FxEnabled":true},"in2DMode":false,"pivot":{"x":0.5930195450782776,"y":-0.021178018301725389,"z":-0.5525095462799072},"rotation":{"x":0.018507258966565133,"y":0.9271451830863953,"z":-0.3713889420032501,"w":0.046206481754779819},"size":2.459916353225708,"orthographic":false}