{"cameraMode":{"drawMode":0,"name":"Shaded","section":"Shading Mode"},"sceneLighting":false,"audioPlay":false,"sceneViewState":{"m_AlwaysRefresh":false,"showFog":true,"showSkybox":false,"showFlares":true,"showImageEffects":true,"showParticleSystems":true,"showVisualEffectGraphs":true,"m_FxEnabled":true},"in2DMode":false,"pivot":{"x":-0.024552935734391214,"y":0.31688565015792849,"z":-0.03198760747909546},"rotation":{"x":-0.23475675284862519,"y":-0.01603866182267666,"z":-0.00386982224881649,"w":0.9719178676605225},"size":0.35109251737594607,"orthographic":false}