{"cameraMode":{"drawMode":0,"name":"Shaded","section":"Shading Mode"},"sceneLighting":false,"audioPlay":false,"sceneViewState":{"m_AlwaysRefresh":false,"showFog":true,"showSkybox":false,"showFlares":true,"showImageEffects":true,"showParticleSystems":true,"showVisualEffectGraphs":true,"m_FxEnabled":true},"in2DMode":false,"pivot":{"x":-0.059822797775268558,"y":0.31259584426879885,"z":0.22804808616638184},"rotation":{"x":0.13620060682296754,"y":0.2439914345741272,"z":-0.03462938591837883,"w":0.9595461487770081},"size":1.970560908317566,"orthographic":false}