{"cameraMode":{"drawMode":0,"name":"Shaded","section":"Shading Mode"},"sceneLighting":false,"audioPlay":false,"sceneViewState":{"m_AlwaysRefresh":false,"showFog":true,"showSkybox":false,"showFlares":true,"showImageEffects":true,"showParticleSystems":true,"showVisualEffectGraphs":true,"m_FxEnabled":true},"in2DMode":false,"pivot":{"x":0.4549071192741394,"y":0.2749471664428711,"z":-0.7082343101501465},"rotation":{"x":0.006151861045509577,"y":0.9269348978996277,"z":-0.3749185800552368,"w":0.015157780610024929},"size":1.7324409484863282,"orthographic":false}