{"cameraMode":{"drawMode":0,"name":"Shaded","section":"Shading Mode"},"sceneLighting":true,"audioPlay":false,"sceneViewState":{"m_AlwaysRefresh":false,"showFog":true,"showSkybox":true,"showFlares":true,"showImageEffects":true,"showParticleSystems":true,"showVisualEffectGraphs":true,"m_FxEnabled":true},"in2DMode":false,"pivot":{"x":-0.6766891479492188,"y":2.575901746749878,"z":-42.797035217285159},"rotation":{"x":-0.009451253339648247,"y":0.7138146758079529,"z":-0.00963849388062954,"w":-0.7002248167991638},"size":1.816790223121643,"orthographic":false}