{"cameraMode":{"drawMode":0,"name":"Shaded","section":"Shading Mode"},"sceneLighting":false,"audioPlay":false,"sceneViewState":{"m_AlwaysRefresh":false,"showFog":true,"showSkybox":false,"showFlares":true,"showImageEffects":true,"showParticleSystems":true,"showVisualEffectGraphs":true,"m_FxEnabled":true},"in2DMode":false,"pivot":{"x":-0.017638519406318666,"y":1.604414463043213,"z":-0.3449552059173584},"rotation":{"x":0.0005731369601562619,"y":0.9989612698554993,"z":0.044627562165260318,"w":-0.012125643901526928},"size":1.4411931037902833,"orthographic":false}