{"cameraMode":{"drawMode":0,"name":"Shaded","section":"Shading Mode"},"sceneLighting":false,"audioPlay":false,"sceneViewState":{"m_AlwaysRefresh":false,"showFog":true,"showSkybox":false,"showFlares":true,"showImageEffects":true,"showParticleSystems":true,"showVisualEffectGraphs":true,"m_FxEnabled":true},"in2DMode":false,"pivot":{"x":-0.03282134234905243,"y":0.012123912572860718,"z":-0.0005661249160766602},"rotation":{"x":-0.0883750468492508,"y":0.014940847642719746,"z":0.00132976402528584,"w":0.9959790110588074},"size":0.849720299243927,"orthographic":false}