{"cameraMode":{"drawMode":0,"name":"Shaded","section":"Shading Mode"},"sceneLighting":false,"audioPlay":false,"sceneViewState":{"m_AlwaysRefresh":false,"showFog":true,"showSkybox":false,"showFlares":true,"showImageEffects":true,"showParticleSystems":true,"showVisualEffectGraphs":true,"m_FxEnabled":true},"in2DMode":false,"pivot":{"x":1.1920928955078126e-7,"y":0.7647222280502319,"z":0.11586248874664307},"rotation":{"x":-0.1263466328382492,"y":0.7035397887229919,"z":-0.12933842837810517,"w":-0.6872686743736267},"size":1.0801022052764893,"orthographic":false}