{"cameraMode":{"drawMode":0,"name":"Shaded","section":"Shading Mode"},"sceneLighting":false,"audioPlay":false,"sceneViewState":{"m_AlwaysRefresh":false,"showFog":true,"showSkybox":false,"showFlares":true,"showImageEffects":true,"showParticleSystems":true,"showVisualEffectGraphs":true,"m_FxEnabled":true},"in2DMode":false,"pivot":{"x":0.08406770974397659,"y":0.9789643883705139,"z":-1.9347877502441407},"rotation":{"x":-0.0008095759549178183,"y":0.9984301924705505,"z":0.01497757900506258,"w":0.05396769940853119},"size":1.4297107458114625,"orthographic":true}